[
  {
    "name": "jdtls",
    "description": "Java language server.",
    "homepage": "https://github.com/eclipse/eclipse.jdt.ls",
    "licenses": [
      "EPL-2.0"
    ],
    "languages": [
      "Java"
    ],
    "categories": [
      "LSP"
    ],
    "source": {
      "id": "pkg:generic/eclipse/eclipse.jdt.ls@v1.31.0",
      "download": [
        {
          "target": [
            "darwin_x64",
            "darwin_arm64"
          ],
          "files": {
            "jdtls.tar.gz": "https://download.eclipse.org/jdtls/milestones/{{ version | strip_prefix \"v\" }}/jdt-language-server-{{ version | strip_prefix \"v\" }}-202401111522.tar.gz"
          },
          "config": "config_mac/"
        },
        {
          "target": "linux",
          "files": {
            "jdtls.tar.gz": "https://download.eclipse.org/jdtls/milestones/{{ version | strip_prefix \"v\" }}/jdt-language-server-{{ version | strip_prefix \"v\" }}-202401111522.tar.gz"
          },
          "config": "config_linux/"
        },
        {
          "target": "win",
          "files": {
            "jdtls.tar.gz": "https://download.eclipse.org/jdtls/milestones/{{ version | strip_prefix \"v\" }}/jdt-language-server-{{ version | strip_prefix \"v\" }}-202401111522.tar.gz"
          },
          "config": "config_win/"
        }
      ]
    },
    "schemas": {
      "lsp": "vscode:https://raw.githubusercontent.com/redhat-developer/vscode-java/master/package.json"
    },
    "bin": {
      "jdtls": "python:bin/jdtls"
    },
    "share": {
      "jdtls/plugins/": "plugins/",
      "jdtls/plugins/org.eclipse.equinox.launcher.jar": "plugins/org.eclipse.equinox.launcher_1.6.700.v20231214-2017.jar",
      "jdtls/config/": "{{source.download.config}}"
    }
  },
  {
    "name": "lombok-nightly",
    "description": "Project Lombok. Project Lombok is a java library that automatically plugs into your editor and build tools, spicing up your java",
    "homepage": "https://projectlombok.org",
    "licenses": [
      "MIT"
    ],
    "languages": [
      "Java"
    ],
    "categories": [
      "Runtime"
    ],
    "source": {
      "id": "pkg:generic/lombok/lombok.jar@nightly",
      "download": [
        {
          "target": [
            "darwin_x64",
            "darwin_arm64"
          ],
          "files": {
            "lombok.jar": "https://projectlombok.org/lombok-edge.jar"
          }
        },
        {
          "target": "linux",
          "files": {
            "lombok.jar": "https://projectlombok.org/lombok-edge.jar"
          }
        },
        {
          "target": "win",
          "files": {
            "lombok.jar": "https://projectlombok.org/lombok-edge.jar"
          }
        }
      ]
    },
    "share": {
      "lombok-nightly/lombok.jar": "lombok.jar"
    }
  },
  {
    "name": "openjdk-17",
    "description": "The Java Development Kit is a distribution of Java Technology by Oracle Corporation.\nIt implements the Java Language Specification and the Java Virtual Machine Specification\nand provides the Standard Edition of the Java Application Programming Interface.\n",
    "homepage": "https://github.com/eclipse/eclipse.jdt.ls",
    "licenses": [
      "GPL-2.0"
    ],
    "languages": [
      "Java"
    ],
    "categories": [
      "Runtime"
    ],
    "source": {
      "id": "pkg:generic/java/openjdk@17.0.2",
      "download": [
        {
          "target": [
            "darwin_x64",
            "darwin_arm64"
          ],
          "files": {
            "openjdk-17.0.2.tar.gz": "https://download.java.net/java/GA/jdk17.0.2/dfd4a8d0985749f896bed50d7138ee7f/8/GPL/openjdk-17.0.2_macos-x64_bin.tar.gz"
          },
          "bin": "jdk-17.0.2.jdk/Contents/Home/bin/java"
        },
        {
          "target": "linux",
          "files": {
            "openjdk-17.0.2.tar.gz": "https://download.java.net/java/GA/jdk17.0.2/dfd4a8d0985749f896bed50d7138ee7f/8/GPL/openjdk-17.0.2_linux-x64_bin.tar.gz"
          },
          "bin": "jdk-17.0.2/bin/java"
        },
        {
          "target": "win",
          "files": {
            "openjdk-17.0.2.zip": "https://download.java.net/java/GA/jdk17.0.2/dfd4a8d0985749f896bed50d7138ee7f/8/GPL/openjdk-17.0.2_windows-x64_bin.zip"
          },
          "bin": "jdk-17.0.2/bin/java.exe"
        }
      ]
    },
    "bin": {
      "java": "{{source.download.bin}}"
    }
  },
  {
    "name": "spring-boot-tools",
    "description": "Provides validation and content assist for Spring Boot `application.properties`,\n`application.yml` properties files. As well as Boot-specific support for\n`.java` files.\n",
    "homepage": "https://github.com/spring-projects/sts4",
    "licenses": [
      "EPL-1.0"
    ],
    "languages": [
      "Java"
    ],
    "categories": [
      "LSP"
    ],
    "source": {
      "id": "pkg:openvsx/VMware/vscode-spring-boot@1.55.1",
      "download": {
        "file": "VMware.vscode-spring-boot-{{version}}.vsix"
      }
    },
    "share": {
      "spring-boot-tools/jars/": "extension/jars/"
    }
  }
]
